packet_seq,send_time,ack_time,is_timeout,retransmission_count,status
0,1780587482.0694306,1780587482.098287,0,0,Success
1,1780587482.0714307,1780587482.0976255,0,0,Success
2,1780587482.0734308,1780587482.0904362,0,0,Success
3,1780587482.0754309,1780587482.1095705,0,0,Success
4,1780587482.077431,1780587482.0923243,0,0,Success
5,1780587482.079431,1780587482.1064415,0,0,Success
6,1780587482.0814312,1780587482.092029,0,0,Success
7,1780587482.0834312,1780587482.1104798,0,0,Success
8,1780587482.0854313,1780587482.1077976,0,0,Success
9,1780587482.0874314,1780587482.1025832,0,0,Success
10,1780587482.0894315,1780587482.1012483,0,0,Success
11,1780587482.0914316,1780587482.1344967,0,0,Success
12,1780587482.0934317,1780587482.1201465,0,0,Success
13,1780587482.0954318,1780587482.1154883,0,0,Success
14,1780587482.097432,1780587482.1378388,0,0,Success
15,1780587482.099432,1780587482.1339297,0,0,Success
16,1780587482.101432,1780587482.1148958,0,0,Success
17,1780587482.1034322,1780587482.1351879,0,0,Success
18,1780587482.1054323,1780587482.140343,0,0,Success
19,1780587482.1074324,1780587482.1272678,0,0,Success
20,1780587482.1094325,1780587482.142594,0,0,Success
21,1780587482.1114326,1780587482.133254,0,0,Success
22,1780587482.1134326,1780587482.126971,0,0,Success
23,1780587482.1154327,1780587482.154608,0,0,Success
24,1780587482.1174328,1780587482.6669102,1,2,Success
25,1780587482.119433,1780587482.1466284,0,0,Success
26,1780587482.121433,1780587482.1509843,0,0,Success
27,1780587482.123433,1780587482.140327,0,0,Success
28,1780587482.1254332,1780587482.151548,0,0,Success
29,1780587482.1274333,1780587482.1726403,0,0,Success
30,1780587482.1294334,1780587482.1712039,0,0,Success
31,1780587482.1314335,1780587482.1542428,0,0,Success
32,1780587482.1334336,1780587482.6568086,1,1,Success
33,1780587482.1354337,1780587482.1505256,0,0,Success
34,1780587482.1374338,1780587482.1770802,0,0,Success
35,1780587482.1394339,1780587482.178789,0,0,Success
36,1780587482.141434,1780587482.676478,1,1,Success
37,1780587482.143434,1780587482.1816204,0,0,Success
38,1780587482.1454341,1780587482.1830108,0,0,Success
39,1780587482.1474342,1780587482.6840932,1,4,Success
40,1780587482.1494343,1780587482.1818283,0,0,Success
41,1780587482.1514344,1780587482.6645477,1,3,Success
42,1780587482.1534345,1780587482.1705966,0,0,Success
43,1780587482.1554346,-1,1,5,Failed
44,1780587482.1574347,1780587482.1868713,0,0,Success
45,1780587482.1594348,1780587482.1843085,0,0,Success
46,1780587482.161435,1780587482.206415,0,0,Success
47,1780587482.163435,1780587482.2025993,0,0,Success
48,1780587482.165435,1780587482.7132251,1,1,Success
49,1780587482.1674352,1780587482.1924493,0,0,Success
50,1780587482.1694353,1780587482.1956604,0,0,Success
51,1780587482.1714354,1780587482.2210922,0,0,Success
52,1780587482.1734354,1780587482.197368,0,0,Success
53,1780587482.1754355,1780587482.7244868,1,1,Success
54,1780587482.1774356,1780587482.219664,0,0,Success
55,1780587482.1794357,1780587482.2013733,0,0,Success
56,1780587482.1814358,1780587482.1930575,0,0,Success
57,1780587482.183436,1780587482.2072365,0,0,Success
58,1780587482.185436,1780587482.2218497,0,0,Success
59,1780587482.187436,1780587482.2013936,0,0,Success
60,1780587482.1894362,1780587482.201802,0,0,Success
61,1780587482.1914363,1780587482.2276993,0,0,Success
62,1780587482.1934364,1780587482.2054386,0,0,Success
63,1780587482.1954365,1780587482.2439046,0,0,Success
64,1780587482.1974366,1780587482.2426708,0,0,Success
65,1780587482.1994367,1780587482.2398584,0,0,Success
66,1780587482.2014368,1780587482.2212052,0,0,Success
67,1780587482.2034369,1780587482.2530143,0,0,Success
68,1780587482.205437,1780587482.2176802,0,0,Success
69,1780587482.207437,1780587482.2245946,0,0,Success
70,1780587482.2094371,1780587482.2555776,0,0,Success
71,1780587482.2114372,1780587482.2261264,0,0,Success
72,1780587482.2134373,1780587482.2337313,0,0,Success
73,1780587482.2154374,1780587482.262991,0,0,Success
74,1780587482.2174375,1780587482.2645123,0,0,Success
75,1780587482.2194376,1780587482.2569454,0,0,Success
76,1780587482.2214377,1780587482.2515674,0,0,Success
77,1780587482.2234378,1780587482.7548735,1,3,Success
78,1780587482.2254379,1780587482.2732768,0,0,Success
79,1780587482.227438,1780587482.2408938,0,0,Success
80,1780587482.229438,1780587482.2489338,0,0,Success
81,1780587482.2314382,1780587482.2699444,0,0,Success
82,1780587482.2334383,1780587482.2666137,0,0,Success
83,1780587482.2354383,1780587482.2613723,0,0,Success
84,1780587482.2374384,1780587482.274518,0,0,Success
85,1780587482.2394385,1780587482.2754374,0,0,Success
86,1780587482.2414386,1780587482.2529058,0,0,Success
87,1780587482.2434387,1780587482.7804978,1,3,Success
88,1780587482.2454388,1780587482.2820802,0,0,Success
89,1780587482.247439,1780587482.2775507,0,0,Success
90,1780587482.249439,1780587482.2854996,0,0,Success
91,1780587482.251439,1780587482.2642379,0,0,Success
92,1780587482.2534392,1780587482.7871988,1,2,Success
93,1780587482.2554393,1780587482.2931008,0,0,Success
94,1780587482.2574394,1780587482.7926798,1,2,Success
95,1780587482.2594395,1780587482.2834802,0,0,Success
96,1780587482.2614396,1780587482.7825484,1,1,Success
97,1780587482.2634397,1780587482.2969112,0,0,Success
98,1780587482.2654397,1780587482.3103635,0,0,Success
99,1780587482.2674398,1780587482.314549,0,0,Success
100,1780587482.26944,1780587482.2995267,0,0,Success
101,1780587482.27144,1780587482.2907243,0,0,Success
102,1780587482.2734401,1780587482.3205087,0,0,Success
103,1780587482.2754402,1780587482.799867,1,1,Success
104,1780587482.2774403,1780587482.3251202,0,0,Success
105,1780587482.2794404,1780587482.310352,0,0,Success
106,1780587482.2814405,1780587482.3263981,0,0,Success
107,1780587482.2834406,1780587482.2984033,0,0,Success
108,1780587482.2854407,1780587482.8206112,1,1,Success
109,1780587482.2874408,1780587482.322639,0,0,Success
110,1780587482.2894409,1780587482.3027146,0,0,Success
111,1780587482.291441,1780587482.3224409,0,0,Success
112,1780587482.293441,1780587482.335975,0,0,Success
113,1780587482.2954412,1780587482.3417976,0,0,Success
114,1780587482.2974412,1780587482.3294535,0,0,Success
115,1780587482.2994413,1780587482.8468904,1,2,Success
116,1780587482.3014414,1780587482.327797,0,0,Success
117,1780587482.3034415,1780587482.3199618,0,0,Success
118,1780587482.3054416,1780587482.3334713,0,0,Success
119,1780587482.3074417,1780587482.3392024,0,0,Success
120,1780587482.3094418,1780587482.3491793,0,0,Success
121,1780587482.311442,1780587482.3602507,0,0,Success
122,1780587482.313442,1780587482.3594134,0,0,Success
123,1780587482.315442,1780587482.3572283,0,0,Success
124,1780587482.3174422,1780587482.3573794,0,0,Success
125,1780587482.3194423,1780587482.3296704,0,0,Success
126,1780587482.3214424,1780587482.3407845,0,0,Success
127,1780587482.3234425,1780587482.3539264,0,0,Success
128,1780587482.3254426,1780587482.839759,1,1,Success
129,1780587482.3274426,1780587482.3733442,0,0,Success
130,1780587482.3294427,1780587482.8704655,1,1,Success
131,1780587482.3314428,1780587482.3602746,0,0,Success
132,1780587482.333443,1780587482.3817945,0,0,Success
133,1780587482.335443,1780587482.3616502,0,0,Success
134,1780587482.337443,1780587482.383304,0,0,Success
135,1780587482.3394432,1780587482.3592515,0,0,Success
136,1780587482.3414433,1780587482.3736684,0,0,Success
137,1780587482.3434434,1780587482.3895376,0,0,Success
138,1780587482.3454435,1780587482.3593922,0,0,Success
139,1780587482.3474436,1780587482.3682752,0,0,Success
140,1780587482.3494437,1780587482.3750854,0,0,Success
141,1780587482.3514438,1780587482.4001846,0,0,Success
142,1780587482.3534439,1780587482.3863838,0,0,Success
143,1780587482.355444,1780587482.3813114,0,0,Success
144,1780587482.357444,1780587482.3945277,0,0,Success
145,1780587482.3594441,1780587482.389695,0,0,Success
146,1780587482.3614442,1780587482.8792646,1,1,Success
147,1780587482.3634443,1780587482.384746,0,0,Success
148,1780587482.3654444,1780587482.4083803,0,0,Success
149,1780587482.3674445,1780587482.9095082,1,3,Success
150,1780587482.3694446,1780587482.3934307,0,0,Success
151,1780587482.3714447,1780587482.4127328,0,0,Success
152,1780587482.3734448,1780587482.393089,0,0,Success
153,1780587482.375445,1780587482.3961267,0,0,Success
154,1780587482.377445,1780587482.4011114,0,0,Success
155,1780587482.379445,1780587482.4022708,0,0,Success
156,1780587482.3814452,1780587482.4216418,0,0,Success
157,1780587482.3834453,1780587482.9047499,1,4,Success
158,1780587482.3854454,1780587482.4095316,0,0,Success
159,1780587482.3874454,1780587482.4121695,0,0,Success
160,1780587482.3894455,1780587482.4177387,0,0,Success
161,1780587482.3914456,1780587482.437677,0,0,Success
162,1780587482.3934457,1780587482.4420857,0,0,Success
163,1780587482.3954458,1780587482.4090414,0,0,Success
164,1780587482.397446,1780587482.4216108,0,0,Success
165,1780587482.399446,1780587482.428558,0,0,Success
166,1780587482.401446,1780587482.4390366,0,0,Success
167,1780587482.4034462,1780587482.4423342,0,0,Success
168,1780587482.4054463,1780587482.4361322,0,0,Success
169,1780587482.4074464,1780587482.4307516,0,0,Success
170,1780587482.4094465,1780587482.4384422,0,0,Success
171,1780587482.4114466,1780587482.451222,0,0,Success
172,1780587482.4134467,1780587482.4560356,0,0,Success
173,1780587482.4154468,1780587482.4426327,0,0,Success
174,1780587482.4174469,1780587482.458847,0,0,Success
175,1780587482.419447,1780587482.432161,0,0,Success
176,1780587482.421447,1780587482.4517143,0,0,Success
177,1780587482.4234471,1780587482.4515264,0,0,Success
178,1780587482.4254472,1780587482.9581323,1,1,Success
179,1780587482.4274473,1780587482.9516008,1,3,Success
180,1780587482.4294474,1780587482.4761999,0,0,Success
181,1780587482.4314475,1780587482.9708285,1,2,Success
182,1780587482.4334476,1780587482.4645097,0,0,Success
183,1780587482.4354477,1780587482.481621,0,0,Success
184,1780587482.4374478,1780587482.4755147,0,0,Success
185,1780587482.4394479,1780587482.4808245,0,0,Success
186,1780587482.441448,1780587482.972359,1,3,Success
187,1780587482.443448,1780587482.4876049,0,0,Success
188,1780587482.4454482,1780587482.4587958,0,0,Success
189,1780587482.4474483,1780587482.485974,0,0,Success
190,1780587482.4494483,1780587482.4893463,0,0,Success
191,1780587482.4514484,1780587482.479615,0,0,Success
192,1780587482.4534485,1780587482.9958081,1,1,Success
193,1780587482.4554486,1780587482.4839303,0,0,Success
194,1780587482.4574487,1780587482.4748023,0,0,Success
195,1780587482.4594488,1780587482.4808376,0,0,Success
196,1780587482.461449,1780587482.978837,1,1,Success
197,1780587482.463449,1780587482.5003853,0,0,Success
198,1780587482.465449,1780587482.50052,0,0,Success
199,1780587482.4674492,1780587482.5132382,0,0,Success
200,1780587482.4694493,1780587482.497116,0,0,Success
201,1780587482.4714494,-1,1,5,Failed
202,1780587482.4734495,1780587482.4940581,0,0,Success
203,1780587482.4754496,1780587482.4973722,0,0,Success
204,1780587482.4774497,1780587482.4957588,0,0,Success
205,1780587482.4794497,1780587482.5053408,0,0,Success
206,1780587482.4814498,1780587482.5214615,0,0,Success
207,1780587482.48345,1780587482.5158,0,0,Success
208,1780587482.48545,1780587482.531108,0,0,Success
209,1780587482.4874501,1780587482.5039113,0,0,Success
210,1780587482.4894502,1780587482.511298,0,0,Success
211,1780587482.4914503,1780587482.5023077,0,0,Success
212,1780587482.4934504,1780587482.5045671,0,0,Success
213,1780587482.4954505,1780587482.53521,0,0,Success
214,1780587482.4974506,1780587483.0224838,1,4,Success
215,1780587482.4994507,1780587482.5192826,0,0,Success
216,1780587482.5014508,1780587482.5128706,0,0,Success
217,1780587482.5034509,1780587482.5316586,0,0,Success
218,1780587482.505451,1780587482.5431638,0,0,Success
219,1780587482.507451,1780587482.5449705,0,0,Success
220,1780587482.5094512,1780587482.5370922,0,0,Success
221,1780587482.5114512,1780587482.5613728,0,0,Success
222,1780587482.5134513,1780587483.0268118,1,1,Success
223,1780587482.5154514,1780587482.5477426,0,0,Success
224,1780587482.5174515,1780587482.5501502,0,0,Success
225,1780587482.5194516,1780587482.561008,0,0,Success
226,1780587482.5214517,1780587483.034676,1,1,Success
227,1780587482.5234518,1780587482.5396478,0,0,Success
228,1780587482.525452,1780587482.5555272,0,0,Success
229,1780587482.527452,1780587482.5624385,0,0,Success
230,1780587482.529452,1780587482.5416882,0,0,Success
231,1780587482.5314522,1780587482.575439,0,0,Success
232,1780587482.5334523,1780587483.0789368,1,1,Success
233,1780587482.5354524,1780587482.5663688,0,0,Success
234,1780587482.5374525,1780587482.5574076,0,0,Success
235,1780587482.5394526,1780587482.5564127,0,0,Success
236,1780587482.5414526,1780587482.560446,0,0,Success
237,1780587482.5434527,1780587482.577883,0,0,Success
238,1780587482.5454528,1780587482.5661092,0,0,Success
239,1780587482.547453,1780587482.5715714,0,0,Success
240,1780587482.549453,1780587482.5719466,0,0,Success
241,1780587482.551453,1780587482.5801377,0,0,Success
242,1780587482.5534532,1780587483.0758307,1,3,Success
243,1780587482.5554533,1780587482.5933034,0,0,Success
244,1780587482.5574534,1780587482.5805116,0,0,Success
245,1780587482.5594535,1780587482.5882423,0,0,Success
246,1780587482.5614536,1780587482.5744562,0,0,Success
247,1780587482.5634537,1780587482.6036375,0,0,Success
248,1780587482.5654538,1780587483.1030014,1,1,Success
249,1780587482.5674539,1780587482.6066117,0,0,Success
250,1780587482.569454,1780587482.5881388,0,0,Success
251,1780587482.571454,1780587482.6154206,0,0,Success
252,1780587482.5734541,1780587482.595648,0,0,Success
253,1780587482.5754542,1780587482.6112263,0,0,Success
254,1780587482.5774543,1780587482.6248698,0,0,Success
255,1780587482.5794544,1780587482.617196,0,0,Success
256,1780587482.5814545,1780587483.1176438,1,2,Success
257,1780587482.5834546,1780587482.5951324,0,0,Success
258,1780587482.5854547,1780587483.0973444,1,4,Success
259,1780587482.5874548,1780587482.6009486,0,0,Success
260,1780587482.589455,1780587482.6168633,0,0,Success
261,1780587482.591455,1780587482.637084,0,0,Success
262,1780587482.593455,1780587482.6416297,0,0,Success
263,1780587482.5954552,1780587482.6405826,0,0,Success
264,1780587482.5974553,1780587483.1225283,1,2,Success
265,1780587482.5994554,1780587482.6168365,0,0,Success
266,1780587482.6014555,1780587482.6396356,0,0,Success
267,1780587482.6034555,1780587482.6369038,0,0,Success
268,1780587482.6054556,1780587482.620661,0,0,Success
269,1780587482.6074557,1780587482.6565194,0,0,Success
270,1780587482.6094558,1780587482.6421225,0,0,Success
271,1780587482.611456,1780587482.6284525,0,0,Success
272,1780587482.613456,1780587482.6447093,0,0,Success
273,1780587482.615456,1780587482.6505296,0,0,Success
274,1780587482.6174562,1780587482.6345212,0,0,Success
275,1780587482.6194563,1780587482.65174,0,0,Success
276,1780587482.6214564,1780587482.6557834,0,0,Success
277,1780587482.6234565,1780587482.6650136,0,0,Success
278,1780587482.6254566,1780587482.6565146,0,0,Success
279,1780587482.6274567,1780587482.6501224,0,0,Success
280,1780587482.6294568,1780587482.6447926,0,0,Success
281,1780587482.6314569,1780587482.6733074,0,0,Success
282,1780587482.633457,1780587482.6436782,0,0,Success
283,1780587482.635457,1780587482.6496828,0,0,Success
284,1780587482.6374571,1780587482.6564476,0,0,Success
285,1780587482.6394572,1780587482.6534183,0,0,Success
286,1780587482.6414573,1780587482.6756325,0,0,Success
287,1780587482.6434574,1780587482.6864886,0,0,Success
288,1780587482.6454575,1780587482.6825666,0,0,Success
289,1780587482.6474576,1780587482.6899407,0,0,Success
290,1780587482.6494577,1780587482.6825778,0,0,Success
291,1780587482.6514578,1780587482.684893,0,0,Success
292,1780587482.6534579,1780587482.6726508,0,0,Success
293,1780587482.655458,1780587482.6945848,0,0,Success
294,1780587482.657458,1780587482.6971896,0,0,Success
295,1780587482.6594582,1780587482.6805127,0,0,Success
296,1780587482.6614583,1780587482.7005603,0,0,Success
297,1780587482.6634583,1780587482.6779056,0,0,Success
298,1780587482.6654584,1780587482.7108374,0,0,Success
299,1780587482.6674585,1780587482.7039702,0,0,Success
300,1780587482.6694586,1780587482.6858742,0,0,Success
301,1780587482.6714587,1780587483.2033403,1,4,Success
302,1780587482.6734588,1780587482.7064197,0,0,Success
303,1780587482.675459,1780587482.721156,0,0,Success
304,1780587482.677459,1780587483.2132592,1,2,Success
305,1780587482.679459,1780587482.7255728,0,0,Success
306,1780587482.6814592,1780587483.2139804,1,3,Success
307,1780587482.6834593,1780587483.218596,1,4,Success
308,1780587482.6854594,1780587482.7324474,0,0,Success
309,1780587482.6874595,1780587482.7012427,0,0,Success
310,1780587482.6894596,1780587482.7224143,0,0,Success
311,1780587482.6914597,1780587482.7222035,0,0,Success
312,1780587482.6934597,1780587482.7231638,0,0,Success
313,1780587482.6954598,1780587482.7100732,0,0,Success
314,1780587482.69746,1780587482.7188272,0,0,Success
315,1780587482.69946,1780587482.7124827,0,0,Success
316,1780587482.7014601,1780587482.7147868,0,0,Success
317,1780587482.7034602,1780587482.726231,0,0,Success
318,1780587482.7054603,1780587482.7410173,0,0,Success
319,1780587482.7074604,1780587483.2572343,1,2,Success
320,1780587482.7094605,1780587482.730208,0,0,Success
321,1780587482.7114606,1780587483.2230628,1,1,Success
322,1780587482.7134607,1780587482.7435465,0,0,Success
323,1780587482.7154608,1780587482.755715,0,0,Success
324,1780587482.7174609,1780587482.7463696,0,0,Success
325,1780587482.719461,1780587483.2537425,1,2,Success
326,1780587482.721461,1780587482.7414572,0,0,Success
327,1780587482.7234612,1780587482.765187,0,0,Success
328,1780587482.7254612,1780587482.7746758,0,0,Success
329,1780587482.7274613,1780587482.7397118,0,0,Success
330,1780587482.7294614,1780587482.7671366,0,0,Success
331,1780587482.7314615,1780587483.2771406,1,2,Success
332,1780587482.7334616,1780587482.7777512,0,0,Success
333,1780587482.7354617,1780587482.7650828,0,0,Success
334,1780587482.7374618,1780587482.7761955,0,0,Success
335,1780587482.739462,1780587482.7559037,0,0,Success
336,1780587482.741462,1780587482.7756126,0,0,Success
337,1780587482.743462,1780587482.770114,0,0,Success
338,1780587482.7454622,1780587482.757857,0,0,Success
339,1780587482.7474623,1780587482.775847,0,0,Success
340,1780587482.7494624,1780587482.7633448,0,0,Success
341,1780587482.7514625,1780587483.2730248,1,3,Success
342,1780587482.7534626,1780587482.7853436,0,0,Success
343,1780587482.7554626,1780587482.804854,0,0,Success
344,1780587482.7574627,1780587482.778064,0,0,Success
345,1780587482.7594628,1780587482.7779238,0,0,Success
346,1780587482.761463,1780587482.7828898,0,0,Success
347,1780587482.763463,1780587482.7884357,0,0,Success
348,1780587482.765463,1780587482.7842345,0,0,Success
349,1780587482.7674632,1780587483.3081274,1,1,Success
350,1780587482.7694633,1780587482.792807,0,0,Success
351,1780587482.7714634,1780587482.8144991,0,0,Success
352,1780587482.7734635,1780587482.786711,0,0,Success
353,1780587482.7754636,1780587482.7983885,0,0,Success
354,1780587482.7774637,1780587482.797482,0,0,Success
355,1780587482.7794638,1780587482.822175,0,0,Success
356,1780587482.7814639,1780587482.816658,0,0,Success
357,1780587482.783464,1780587482.7973537,0,0,Success
358,1780587482.785464,1780587482.8139298,0,0,Success
359,1780587482.7874641,1780587482.8003669,0,0,Success
360,1780587482.7894642,1780587482.8125458,0,0,Success
361,1780587482.7914643,1780587482.8288064,0,0,Success
362,1780587482.7934644,1780587482.8073936,0,0,Success
363,1780587482.7954645,1780587482.8325078,0,0,Success
364,1780587482.7974646,1780587483.3185215,1,4,Success
365,1780587482.7994647,1780587483.3486917,1,2,Success
366,1780587482.8014648,1780587483.3183718,1,4,Success
367,1780587482.803465,1780587483.3529885,1,3,Success
368,1780587482.805465,1780587482.8160121,0,0,Success
369,1780587482.807465,1780587482.851603,0,0,Success
370,1780587482.8094652,1780587483.3399572,1,2,Success
371,1780587482.8114653,1780587482.824437,0,0,Success
372,1780587482.8134654,1780587483.3319194,1,4,Success
373,1780587482.8154655,1780587482.850678,0,0,Success
374,1780587482.8174655,1780587482.835694,0,0,Success
375,1780587482.8194656,1780587482.838039,0,0,Success
376,1780587482.8214657,1780587482.8341832,0,0,Success
377,1780587482.8234658,1780587482.8486161,0,0,Success
378,1780587482.825466,1780587482.856437,0,0,Success
379,1780587482.827466,1780587482.8512738,0,0,Success
380,1780587482.829466,1780587482.8468812,0,0,Success
381,1780587482.8314662,1780587482.8592007,0,0,Success
382,1780587482.8334663,-1,1,5,Failed
383,1780587482.8354664,1780587482.8460436,0,0,Success
384,1780587482.8374665,1780587482.8867254,0,0,Success
385,1780587482.8394666,1780587482.8825896,0,0,Success
386,1780587482.8414667,1780587482.8731549,0,0,Success
387,1780587482.8434668,1780587482.8825133,0,0,Success
388,1780587482.8454669,1780587482.858043,0,0,Success
389,1780587482.847467,1780587483.3674295,1,2,Success
390,1780587482.849467,1780587482.860471,0,0,Success
391,1780587482.8514671,1780587482.890079,0,0,Success
392,1780587482.8534672,1780587482.8733318,0,0,Success
393,1780587482.8554673,1780587482.8999333,0,0,Success
394,1780587482.8574674,1780587482.8904927,0,0,Success
395,1780587482.8594675,-1,1,5,Failed
396,1780587482.8614676,1780587482.8944974,0,0,Success
397,1780587482.8634677,1780587482.9131057,0,0,Success
398,1780587482.8654678,1780587482.900845,0,0,Success
399,1780587482.8674679,1780587482.909767,0,0,Success
400,1780587482.869468,1780587482.9144058,0,0,Success
401,1780587482.871468,1780587482.9106357,0,0,Success
402,1780587482.8734682,1780587482.9177043,0,0,Success
403,1780587482.8754683,1780587482.8969533,0,0,Success
404,1780587482.8774683,1780587483.4103541,1,3,Success
405,1780587482.8794684,1780587482.92285,0,0,Success
406,1780587482.8814685,1780587483.4095836,1,1,Success
407,1780587482.8834686,1780587483.3951125,1,2,Success
408,1780587482.8854687,1780587482.9157255,0,0,Success
409,1780587482.8874688,1780587482.905271,0,0,Success
410,1780587482.889469,1780587482.918017,0,0,Success
411,1780587482.891469,1780587482.9381652,0,0,Success
412,1780587482.893469,1780587482.9310114,0,0,Success
413,1780587482.8954692,1780587482.942408,0,0,Success
414,1780587482.8974693,1780587482.9107702,0,0,Success
415,1780587482.8994694,1780587482.923889,0,0,Success
416,1780587482.9014695,1780587482.9432306,0,0,Success
417,1780587482.9034696,1780587482.935301,0,0,Success
418,1780587482.9054697,1780587482.916069,0,0,Success
419,1780587482.9074697,1780587483.4327862,1,4,Success
420,1780587482.9094698,1780587482.934098,0,0,Success
421,1780587482.91147,1780587482.9431143,0,0,Success
422,1780587482.91347,1780587482.9296663,0,0,Success
423,1780587482.9154701,1780587483.4534981,1,4,Success
424,1780587482.9174702,1780587482.9471698,0,0,Success
425,1780587482.9194703,1780587482.9428318,0,0,Success
426,1780587482.9214704,1780587482.9376464,0,0,Success
427,1780587482.9234705,1780587483.4648306,1,4,Success
428,1780587482.9254706,1780587483.4698443,1,2,Success
429,1780587482.9274707,1780587482.9670916,0,0,Success
430,1780587482.9294708,1780587482.97108,0,0,Success
431,1780587482.9314709,1780587482.9748049,0,0,Success
432,1780587482.933471,1780587482.9574456,0,0,Success
433,1780587482.935471,1780587482.9706383,0,0,Success
434,1780587482.9374712,1780587482.9517498,0,0,Success
435,1780587482.9394712,1780587482.9639356,0,0,Success
436,1780587482.9414713,1780587482.968553,0,0,Success
437,1780587482.9434714,1780587483.477652,1,3,Success
438,1780587482.9454715,1780587482.9871838,0,0,Success
439,1780587482.9474716,1780587482.9779081,0,0,Success
440,1780587482.9494717,1780587482.99671,0,0,Success
441,1780587482.9514718,1780587482.9708247,0,0,Success
442,1780587482.953472,1780587482.9798973,0,0,Success
443,1780587482.955472,1780587482.9816139,0,0,Success
444,1780587482.957472,1780587482.9973638,0,0,Success
445,1780587482.9594722,1780587482.9965549,0,0,Success
446,1780587482.9614723,1780587483.5048702,1,1,Success
447,1780587482.9634724,1780587483.0013874,0,0,Success
448,1780587482.9654725,1780587483.0130303,0,0,Success
449,1780587482.9674726,1780587483.0010839,0,0,Success
450,1780587482.9694726,1780587483.0038462,0,0,Success
451,1780587482.9714727,1780587483.0153775,0,0,Success
452,1780587482.9734728,1780587483.020852,0,0,Success
453,1780587482.975473,1780587482.994607,0,0,Success
454,1780587482.977473,1780587483.008294,0,0,Success
455,1780587482.979473,1780587483.0030346,0,0,Success
456,1780587482.9814732,1780587483.0279768,0,0,Success
457,1780587482.9834733,-1,1,5,Failed
458,1780587482.9854734,1780587483.022224,0,0,Success
459,1780587482.9874735,1780587483.0145955,0,0,Success
460,1780587482.9894736,1780587483.0240808,0,0,Success
461,1780587482.9914737,1780587483.006645,0,0,Success
462,1780587482.9934738,1780587483.0074706,0,0,Success
463,1780587482.9954739,1780587483.5101366,1,1,Success
464,1780587482.997474,1780587483.0124142,0,0,Success
465,1780587482.999474,1780587483.0338838,0,0,Success
466,1780587483.0014741,1780587483.0275133,0,0,Success
467,1780587483.0034742,1780587483.044184,0,0,Success
468,1780587483.0054743,1780587483.0433974,0,0,Success
469,1780587483.0074744,1780587483.0306013,0,0,Success
470,1780587483.0094745,1780587483.5370674,1,3,Success
471,1780587483.0114746,1780587483.0346115,0,0,Success
472,1780587483.0134747,1780587483.062668,0,0,Success
473,1780587483.0154748,1780587483.0634084,0,0,Success
474,1780587483.017475,1780587483.0490289,0,0,Success
475,1780587483.019475,1780587483.0615506,0,0,Success
476,1780587483.021475,1780587483.0416749,0,0,Success
477,1780587483.0234752,1780587483.0510118,0,0,Success
478,1780587483.0254753,1780587483.0383162,0,0,Success
479,1780587483.0274754,1780587483.0517716,0,0,Success
480,1780587483.0294755,1780587483.0411208,0,0,Success
481,1780587483.0314755,1780587483.0777092,0,0,Success
482,1780587483.0334756,1780587483.0525262,0,0,Success
483,1780587483.0354757,1780587483.0797758,0,0,Success
484,1780587483.0374758,1780587483.0844808,0,0,Success
485,1780587483.039476,1780587483.582497,1,2,Success
486,1780587483.041476,1780587483.0796967,0,0,Success
487,1780587483.043476,1780587483.5547657,1,4,Success
488,1780587483.0454762,1780587483.071699,0,0,Success
489,1780587483.0474763,1780587483.0766952,0,0,Success
490,1780587483.0494764,1780587483.0600393,0,0,Success
491,1780587483.0514765,1780587483.0634282,0,0,Success
492,1780587483.0534766,1780587483.0845888,0,0,Success
493,1780587483.0554767,1780587483.5710547,1,3,Success
494,1780587483.0574768,1780587483.0686836,0,0,Success
495,1780587483.0594769,1780587483.1020231,0,0,Success
496,1780587483.061477,1780587483.0807528,0,0,Success
497,1780587483.063477,1780587483.6067133,1,4,Success
498,1780587483.0654771,1780587483.5810504,1,1,Success
499,1780587483.0674772,1780587483.1160843,0,0,Success
500,1780587483.0694773,1780587483.1176941,0,0,Success
501,1780587483.0714774,1780587483.1041174,0,0,Success
502,1780587483.0734775,1780587483.6190717,1,3,Success
503,1780587483.0754776,1780587483.0854974,0,0,Success
504,1780587483.0774777,1780587483.1069002,0,0,Success
505,1780587483.0794778,1780587483.6100674,1,4,Success
506,1780587483.0814779,1780587483.0923383,0,0,Success
507,1780587483.083478,1780587483.1139786,0,0,Success
508,1780587483.085478,1780587483.6064925,1,2,Success
509,1780587483.0874782,1780587483.134698,0,0,Success
510,1780587483.0894783,1780587483.1201653,0,0,Success
511,1780587483.0914783,1780587483.1352887,0,0,Success
512,1780587483.0934784,1780587483.6266935,1,1,Success
513,1780587483.0954785,1780587483.1150794,0,0,Success
514,1780587483.0974786,1780587483.1441586,0,0,Success
515,1780587483.0994787,1780587483.116025,0,0,Success
516,1780587483.1014788,1780587483.1492178,0,0,Success
517,1780587483.103479,1780587483.1204684,0,0,Success
518,1780587483.105479,1780587483.148816,0,0,Success
519,1780587483.107479,1780587483.6231353,1,2,Success
520,1780587483.1094792,1780587483.130592,0,0,Success
521,1780587483.1114793,1780587483.1280797,0,0,Success
522,1780587483.1134794,1780587483.1350725,0,0,Success
523,1780587483.1154795,1780587483.1452165,0,0,Success
524,1780587483.1174796,1780587483.1428835,0,0,Success
525,1780587483.1194797,1780587483.1382968,0,0,Success
526,1780587483.1214797,1780587483.1351435,0,0,Success
527,1780587483.1234798,1780587483.170466,0,0,Success
528,1780587483.12548,1780587483.1656232,0,0,Success
529,1780587483.12748,1780587483.155941,0,0,Success
530,1780587483.1294801,1780587483.1759474,0,0,Success
531,1780587483.1314802,1780587483.1725183,0,0,Success
532,1780587483.1334803,1780587483.145223,0,0,Success
533,1780587483.1354804,1780587483.1662066,0,0,Success
534,1780587483.1374805,1780587483.1573224,0,0,Success
535,1780587483.1394806,1780587483.163403,0,0,Success
536,1780587483.1414807,1780587483.1801476,0,0,Success
537,1780587483.1434808,-1,1,5,Failed
538,1780587483.1454809,1780587483.1842663,0,0,Success
539,1780587483.147481,1780587483.1838214,0,0,Success
540,1780587483.149481,1780587483.189972,0,0,Success
541,1780587483.1514812,1780587483.1933148,0,0,Success
542,1780587483.1534812,1780587483.1772428,0,0,Success
543,1780587483.1554813,1780587483.1958096,0,0,Success
544,1780587483.1574814,1780587483.1893482,0,0,Success
545,1780587483.1594815,1780587483.2049522,0,0,Success
546,1780587483.1614816,1780587483.1761158,0,0,Success
547,1780587483.1634817,1780587483.1745117,0,0,Success
548,1780587483.1654818,1780587483.204449,0,0,Success
549,1780587483.167482,1780587483.198622,0,0,Success
550,1780587483.169482,1780587483.2039216,0,0,Success
551,1780587483.171482,1780587483.2204938,0,0,Success
552,1780587483.1734822,1780587483.6915576,1,2,Success
553,1780587483.1754823,1780587483.6877139,1,1,Success
554,1780587483.1774824,1780587483.1995895,0,0,Success
555,1780587483.1794825,1780587483.7280915,1,3,Success
556,1780587483.1814826,1780587483.6938255,1,1,Success
557,1780587483.1834826,1780587483.2329426,0,0,Success
558,1780587483.1854827,1780587483.22437,0,0,Success
559,1780587483.1874828,1780587483.234898,0,0,Success
560,1780587483.189483,1780587483.2048423,0,0,Success
561,1780587483.191483,1780587483.2276344,0,0,Success
562,1780587483.193483,1780587483.218134,0,0,Success
563,1780587483.1954832,1780587483.2065363,0,0,Success
564,1780587483.1974833,1780587483.244424,0,0,Success
565,1780587483.1994834,1780587483.2403998,0,0,Success
566,1780587483.2014835,1780587483.2290606,0,0,Success
567,1780587483.2034836,1780587483.7506285,1,1,Success
568,1780587483.2054837,1780587483.2217155,0,0,Success
569,1780587483.2074838,1780587483.2359095,0,0,Success
570,1780587483.2094839,1780587483.248992,0,0,Success
571,1780587483.211484,1780587483.7363594,1,4,Success
572,1780587483.213484,1780587483.252172,0,0,Success
573,1780587483.2154841,1780587483.7330976,1,1,Success
574,1780587483.2174842,1780587483.2439363,0,0,Success
575,1780587483.2194843,1780587483.2665596,0,0,Success
576,1780587483.2214844,1780587483.2438002,0,0,Success
577,1780587483.2234845,1780587483.2600777,0,0,Success
578,1780587483.2254846,1780587483.248594,0,0,Success
579,1780587483.2274847,1780587483.2689536,0,0,Success
580,1780587483.2294848,1780587483.2528722,0,0,Success
581,1780587483.231485,1780587483.272421,0,0,Success
582,1780587483.233485,1780587483.754943,1,4,Success
583,1780587483.235485,1780587483.262521,0,0,Success
584,1780587483.2374852,1780587483.2534025,0,0,Success
585,1780587483.2394853,1780587483.2795858,0,0,Success
586,1780587483.2414854,1780587483.2643638,0,0,Success
587,1780587483.2434855,1780587483.2588243,0,0,Success
588,1780587483.2454855,1780587483.2676902,0,0,Success
589,1780587483.2474856,1780587483.7620373,1,1,Success
590,1780587483.2494857,1780587483.2847288,0,0,Success
591,1780587483.2514858,1780587483.291093,0,0,Success
592,1780587483.253486,1780587483.2890546,0,0,Success
593,1780587483.255486,1780587483.2758489,0,0,Success
594,1780587483.257486,1780587483.2802432,0,0,Success
595,1780587483.2594862,1780587483.307428,0,0,Success
596,1780587483.2614863,1780587483.2893696,0,0,Success
597,1780587483.2634864,1780587483.3073092,0,0,Success
598,1780587483.2654865,1780587483.297194,0,0,Success
599,1780587483.2674866,1780587483.2797124,0,0,Success
600,1780587483.2694867,1780587483.2938805,0,0,Success
601,1780587483.2714868,1780587483.3189564,0,0,Success
602,1780587483.2734869,1780587483.2933564,0,0,Success
603,1780587483.275487,1780587483.807058,1,1,Success
604,1780587483.277487,1780587483.3173504,0,0,Success
605,1780587483.2794871,1780587483.3172526,0,0,Success
606,1780587483.2814872,1780587483.3246908,0,0,Success
607,1780587483.2834873,1780587483.3052168,0,0,Success
608,1780587483.2854874,1780587483.329081,0,0,Success
609,1780587483.2874875,1780587483.3203754,0,0,Success
610,1780587483.2894876,1780587483.3391814,0,0,Success
611,1780587483.2914877,1780587483.8192961,1,1,Success
612,1780587483.2934878,1780587483.327764,0,0,Success
613,1780587483.2954879,1780587483.3212698,0,0,Success
614,1780587483.297488,1780587483.3269706,0,0,Success
615,1780587483.299488,1780587483.3159032,0,0,Success
616,1780587483.3014882,1780587483.3352864,0,0,Success
617,1780587483.3034883,1780587483.3283918,0,0,Success
618,1780587483.3054883,1780587483.3338165,0,0,Success
619,1780587483.3074884,1780587483.3462894,0,0,Success
620,1780587483.3094885,1780587483.3373282,0,0,Success
621,1780587483.3114886,1780587483.3562486,0,0,Success
622,1780587483.3134887,1780587483.3451731,0,0,Success
623,1780587483.3154888,1780587483.3549268,0,0,Success
624,1780587483.317489,1780587483.3622496,0,0,Success
625,1780587483.319489,1780587483.3521528,0,0,Success
626,1780587483.321489,1780587483.3338068,0,0,Success
627,1780587483.3234892,1780587483.3606172,0,0,Success
628,1780587483.3254893,1780587483.360911,0,0,Success
629,1780587483.3274894,1780587483.3544307,0,0,Success
630,1780587483.3294895,1780587483.8786602,1,2,Success
631,1780587483.3314896,1780587483.352231,0,0,Success
632,1780587483.3334897,1780587483.3480284,0,0,Success
633,1780587483.3354897,1780587483.369592,0,0,Success
634,1780587483.3374898,1780587483.3789682,0,0,Success
635,1780587483.33949,1780587483.36388,0,0,Success
636,1780587483.34149,1780587483.3522935,0,0,Success
637,1780587483.3434901,1780587483.3718483,0,0,Success
638,1780587483.3454902,1780587483.3614495,0,0,Success
639,1780587483.3474903,1780587483.3806233,0,0,Success
640,1780587483.3494904,1780587483.3748016,0,0,Success
641,1780587483.3514905,1780587483.369191,0,0,Success
642,1780587483.3534906,1780587483.3985112,0,0,Success
643,1780587483.3554907,1780587483.4025023,0,0,Success
644,1780587483.3574908,1780587483.886691,1,2,Success
645,1780587483.3594909,1780587483.3743424,0,0,Success
646,1780587483.361491,1780587483.408023,0,0,Success
647,1780587483.363491,1780587483.3992207,0,0,Success
648,1780587483.3654912,1780587483.3930647,0,0,Success
649,1780587483.3674912,1780587483.3934705,0,0,Success
650,1780587483.3694913,1780587483.4050045,0,0,Success
651,1780587483.3714914,1780587483.3897083,0,0,Success
652,1780587483.3734915,1780587483.3905623,0,0,Success
653,1780587483.3754916,1780587483.423871,0,0,Success
654,1780587483.3774917,1780587483.422021,0,0,Success
655,1780587483.3794918,1780587483.4224248,0,0,Success
656,1780587483.381492,1780587483.418633,0,0,Success
657,1780587483.383492,1780587483.414019,0,0,Success
658,1780587483.385492,1780587483.4086604,0,0,Success
659,1780587483.3874922,1780587483.4302115,0,0,Success
660,1780587483.3894923,1780587483.4108725,0,0,Success
661,1780587483.3914924,1780587483.4081323,0,0,Success
662,1780587483.3934925,1780587483.4183922,0,0,Success
663,1780587483.3954926,1780587483.4311547,0,0,Success
664,1780587483.3974926,1780587483.419198,0,0,Success
665,1780587483.3994927,1780587483.4181864,0,0,Success
666,1780587483.4014928,1780587483.4414136,0,0,Success
667,1780587483.403493,1780587483.441679,0,0,Success
668,1780587483.405493,1780587483.426147,0,0,Success
669,1780587483.407493,1780587483.4244611,0,0,Success
670,1780587483.4094932,1780587483.951264,1,4,Success
671,1780587483.4114933,1780587483.4331017,0,0,Success
672,1780587483.4134934,1780587483.4585888,0,0,Success
673,1780587483.4154935,1780587483.4445832,0,0,Success
674,1780587483.4174936,1780587483.4471157,0,0,Success
675,1780587483.4194937,1780587483.9356918,1,1,Success
676,1780587483.4214938,1780587483.440719,0,0,Success
677,1780587483.4234939,1780587483.4677153,0,0,Success
678,1780587483.425494,1780587483.4484909,0,0,Success
679,1780587483.427494,1780587483.476184,0,0,Success
680,1780587483.4294941,1780587483.4656117,0,0,Success
681,1780587483.4314942,1780587483.450157,0,0,Success
682,1780587483.4334943,1780587483.4524333,0,0,Success
683,1780587483.4354944,1780587483.4499035,0,0,Success
684,1780587483.4374945,1780587483.4777234,0,0,Success
685,1780587483.4394946,1780587483.460388,0,0,Success
686,1780587483.4414947,1780587483.4684892,0,0,Success
687,1780587483.4434948,1780587483.4738216,0,0,Success
688,1780587483.445495,1780587483.4871604,0,0,Success
689,1780587483.447495,1780587483.4709876,0,0,Success
690,1780587483.449495,1780587483.9865012,1,3,Success
691,1780587483.4514952,1780587483.4915683,0,0,Success
692,1780587483.4534953,1780587483.4997468,0,0,Success
693,1780587483.4554954,1780587483.490943,0,0,Success
694,1780587483.4574955,1780587483.4726834,0,0,Success
695,1780587483.4594955,1780587483.5072856,0,0,Success
696,1780587483.4614956,1780587483.493492,0,0,Success
697,1780587483.4634957,1780587483.4751,0,0,Success
698,1780587483.4654958,1780587483.4843233,0,0,Success
699,1780587483.467496,1780587483.4856431,0,0,Success
700,1780587483.469496,1780587483.4915206,0,0,Success
701,1780587483.471496,1780587483.4952328,0,0,Success
702,1780587483.4734962,1780587484.000491,1,2,Success
703,1780587483.4754963,1780587483.4890184,0,0,Success
704,1780587483.4774964,1780587483.5190952,0,0,Success
705,1780587483.4794965,1780587483.5164838,0,0,Success
706,1780587483.4814966,1780587483.500141,0,0,Success
707,1780587483.4834967,1780587484.0165713,1,1,Success
708,1780587483.4854968,1780587484.006028,1,3,Success
709,1780587483.4874969,1780587483.5094404,0,0,Success
710,1780587483.489497,1780587483.5354602,0,0,Success
711,1780587483.491497,1780587483.5279007,0,0,Success
712,1780587483.4934971,1780587484.0364196,1,1,Success
713,1780587483.4954972,1780587483.5324092,0,0,Success
714,1780587483.4974973,1780587483.5460765,0,0,Success
715,1780587483.4994974,1780587483.5347009,0,0,Success
716,1780587483.5014975,1780587484.014004,1,1,Success
717,1780587483.5034976,1780587483.5496771,0,0,Success
718,1780587483.5054977,1780587483.5335894,0,0,Success
719,1780587483.5074978,1780587483.5323803,0,0,Success
720,1780587483.509498,1780587483.5449574,0,0,Success
721,1780587483.511498,1780587483.536855,0,0,Success
722,1780587483.513498,1780587483.541085,0,0,Success
723,1780587483.5154982,1780587484.0521038,1,4,Success
724,1780587483.5174983,1780587484.0291162,1,1,Success
725,1780587483.5194983,1780587483.566496,0,0,Success
726,1780587483.5214984,1780587483.563459,0,0,Success
727,1780587483.5234985,1780587484.0547159,1,3,Success
728,1780587483.5254986,1780587483.5544646,0,0,Success
729,1780587483.5274987,1780587483.5561714,0,0,Success
730,1780587483.5294988,1780587483.5652328,0,0,Success
731,1780587483.531499,1780587483.554392,0,0,Success
732,1780587483.533499,1780587483.5792603,0,0,Success
733,1780587483.535499,1780587483.5802846,0,0,Success
734,1780587483.5374992,1780587483.5641222,0,0,Success
735,1780587483.5394993,1780587483.571245,0,0,Success
736,1780587483.5414994,1780587483.587371,0,0,Success
737,1780587483.5434995,1780587483.5617292,0,0,Success
738,1780587483.5454996,1780587483.594569,0,0,Success
739,1780587483.5474997,1780587483.5782564,0,0,Success
740,1780587483.5494998,1780587483.5643976,0,0,Success
741,1780587483.5514998,1780587483.5944977,0,0,Success
742,1780587483.5535,1780587483.580528,0,0,Success
743,1780587483.5555,1780587483.5947974,0,0,Success
744,1780587483.5575001,1780587483.5878115,0,0,Success
745,1780587483.5595002,1780587484.087573,1,4,Success
746,1780587483.5615003,1780587483.5751302,0,0,Success
747,1780587483.5635004,1780587484.1105335,1,3,Success
748,1780587483.5655005,1780587483.588041,0,0,Success
749,1780587483.5675006,1780587483.5778031,0,0,Success
750,1780587483.5695007,1780587483.6044052,0,0,Success
751,1780587483.5715008,1780587483.5959291,0,0,Success
752,1780587483.5735009,1780587483.622846,0,0,Success
753,1780587483.575501,1780587483.5883117,0,0,Success
754,1780587483.577501,1780587483.5980957,0,0,Success
755,1780587483.5795012,1780587483.6203628,0,0,Success
756,1780587483.5815012,1780587483.6028392,0,0,Success
757,1780587483.5835013,1780587483.6237023,0,0,Success
758,1780587483.5855014,1780587483.6001194,0,0,Success
759,1780587483.5875015,1780587483.6037629,0,0,Success
760,1780587483.5895016,1780587483.6107273,0,0,Success
761,1780587483.5915017,1780587483.629633,0,0,Success
762,1780587483.5935018,1780587483.634922,0,0,Success
763,1780587483.595502,1780587483.610369,0,0,Success
764,1780587483.597502,1780587483.6219895,0,0,Success
765,1780587483.599502,1780587483.6115086,0,0,Success
766,1780587483.6015022,1780587483.61346,0,0,Success
767,1780587483.6035023,1780587483.6455777,0,0,Success
768,1780587483.6055024,1780587483.6536129,0,0,Success
769,1780587483.6075025,1780587483.6193285,0,0,Success
770,1780587483.6095026,1780587484.1589692,1,1,Success
771,1780587483.6115026,1780587484.150056,1,2,Success
772,1780587483.6135027,1780587483.62731,0,0,Success
773,1780587483.6155028,1780587483.6605153,0,0,Success
774,1780587483.617503,1780587483.6332712,0,0,Success
775,1780587483.619503,1780587483.6568408,0,0,Success
776,1780587483.621503,1780587483.6442869,0,0,Success
777,1780587483.6235032,1780587483.6562152,0,0,Success
778,1780587483.6255033,1780587484.1492808,1,4,Success
779,1780587483.6275034,1780587484.1489072,1,4,Success
780,1780587483.6295035,1780587483.6495528,0,0,Success
781,1780587483.6315036,1780587483.652109,0,0,Success
782,1780587483.6335037,1780587484.1627643,1,4,Success
783,1780587483.6355038,1780587484.1470706,1,2,Success
784,1780587483.6375039,1780587483.6477187,0,0,Success
785,1780587483.639504,1780587483.6827679,0,0,Success
786,1780587483.641504,1780587483.6793556,0,0,Success
787,1780587483.6435041,1780587483.6604264,0,0,Success
788,1780587483.6455042,1780587483.6619816,0,0,Success
789,1780587483.6475043,1780587483.6805465,0,0,Success
790,1780587483.6495044,1780587483.692045,0,0,Success
791,1780587483.6515045,1780587483.6831553,0,0,Success
792,1780587483.6535046,1780587483.6771696,0,0,Success
793,1780587483.6555047,1780587484.185339,1,3,Success
794,1780587483.6575048,1780587483.699818,0,0,Success
795,1780587483.659505,1780587484.203562,1,3,Success
796,1780587483.661505,1780587483.691055,0,0,Success
797,1780587483.663505,1780587483.6799366,0,0,Success
798,1780587483.6655052,1780587483.6883764,0,0,Success
799,1780587483.6675053,1780587483.7072833,0,0,Success
800,1780587483.6695054,1780587483.691981,0,0,Success
801,1780587483.6715055,1780587483.7034888,0,0,Success
802,1780587483.6735055,1780587484.2208297,1,1,Success
803,1780587483.6755056,1780587483.6906087,0,0,Success
804,1780587483.6775057,1780587483.7272518,0,0,Success
805,1780587483.6795058,1780587483.7076926,0,0,Success
806,1780587483.681506,1780587483.709887,0,0,Success
807,1780587483.683506,1780587483.6997514,0,0,Success
808,1780587483.685506,1780587483.7025611,0,0,Success
809,1780587483.6875062,1780587483.7212057,0,0,Success
810,1780587483.6895063,1780587484.238537,1,3,Success
811,1780587483.6915064,1780587483.7318773,0,0,Success
812,1780587483.6935065,1780587484.2341933,1,3,Success
813,1780587483.6955066,1780587483.717488,0,0,Success
814,1780587483.6975067,1780587484.2128754,1,1,Success
815,1780587483.6995068,1780587483.709898,0,0,Success
816,1780587483.7015069,1780587484.2287257,1,1,Success
817,1780587483.703507,1780587483.7197268,0,0,Success
818,1780587483.705507,1780587483.749465,0,0,Success
819,1780587483.7075071,1780587483.7200682,0,0,Success
820,1780587483.7095072,1780587483.7329073,0,0,Success
821,1780587483.7115073,1780587483.7288542,0,0,Success
822,1780587483.7135074,1780587483.74028,0,0,Success
823,1780587483.7155075,1780587484.2312212,1,3,Success
824,1780587483.7175076,1780587483.7330387,0,0,Success
825,1780587483.7195077,1780587484.2424512,1,1,Success
826,1780587483.7215078,1780587483.751324,0,0,Success
827,1780587483.723508,1780587483.738605,0,0,Success
828,1780587483.725508,1780587483.769186,0,0,Success
829,1780587483.727508,1780587483.7622638,0,0,Success
830,1780587483.7295082,1780587484.2623017,1,3,Success
831,1780587483.7315083,1780587483.7650914,0,0,Success
832,1780587483.7335083,1780587483.780513,0,0,Success
833,1780587483.7355084,1780587483.7838333,0,0,Success
834,1780587483.7375085,1780587483.764345,0,0,Success
835,1780587483.7395086,1780587484.250015,1,1,Success
836,1780587483.7415087,1780587483.7593787,0,0,Success
837,1780587483.7435088,1780587483.7730014,0,0,Success
838,1780587483.745509,1780587483.7708278,0,0,Success
839,1780587483.747509,1780587483.789163,0,0,Success
840,1780587483.749509,1780587483.783503,0,0,Success
841,1780587483.7515092,1780587483.7896416,0,0,Success
842,1780587483.7535093,1780587483.7636127,0,0,Success
843,1780587483.7555094,1780587484.2700942,1,1,Success
844,1780587483.7575095,1780587483.7982047,0,0,Success
845,1780587483.7595096,1780587484.2998006,1,2,Success
846,1780587483.7615097,1780587484.283252,1,4,Success
847,1780587483.7635098,1780587483.8020267,0,0,Success
848,1780587483.7655098,1780587483.7817929,0,0,Success
849,1780587483.76751,1780587483.8062546,0,0,Success
850,1780587483.76951,1780587483.7935386,0,0,Success
851,1780587483.7715101,1780587483.8008666,0,0,Success
852,1780587483.7735102,1780587484.2976918,1,2,Success
853,1780587483.7755103,1780587483.7940307,0,0,Success
854,1780587483.7775104,1780587483.8018506,0,0,Success
855,1780587483.7795105,1780587483.8258533,0,0,Success
856,1780587483.7815106,1780587483.8019454,0,0,Success
857,1780587483.7835107,1780587483.8302755,0,0,Success
858,1780587483.7855108,1780587484.3290753,1,3,Success
859,1780587483.7875109,1780587483.831779,0,0,Success
860,1780587483.789511,1780587483.823268,0,0,Success
861,1780587483.791511,1780587483.8082497,0,0,Success
862,1780587483.7935112,1780587483.8038394,0,0,Success
863,1780587483.7955112,1780587484.3249702,1,2,Success
864,1780587483.7975113,1780587483.8392692,0,0,Success
865,1780587483.7995114,1780587483.836645,0,0,Success
866,1780587483.8015115,1780587484.3312638,1,1,Success
867,1780587483.8035116,1780587483.823548,0,0,Success
868,1780587483.8055117,1780587484.3502595,1,3,Success
869,1780587483.8075118,1780587483.8294623,0,0,Success
870,1780587483.809512,1780587484.3255568,1,1,Success
871,1780587483.811512,1780587483.8336835,0,0,Success
872,1780587483.813512,1780587483.845537,0,0,Success
873,1780587483.8155122,1780587483.8626637,0,0,Success
874,1780587483.8175123,1780587483.8603866,0,0,Success
875,1780587483.8195124,1780587483.8432622,0,0,Success
876,1780587483.8215125,1780587484.34938,1,3,Success
877,1780587483.8235126,1780587484.3485355,1,2,Success
878,1780587483.8255126,1780587484.368879,1,4,Success
879,1780587483.8275127,1780587483.8496914,0,0,Success
880,1780587483.8295128,1780587483.8553767,0,0,Success
881,1780587483.831513,1780587483.8598433,0,0,Success
882,1780587483.833513,1780587484.3764288,1,4,Success
883,1780587483.835513,1780587483.861899,0,0,Success
884,1780587483.8375132,1780587483.857969,0,0,Success
885,1780587483.8395133,1780587483.858435,0,0,Success
886,1780587483.8415134,1780587483.8692276,0,0,Success
887,1780587483.8435135,1780587483.8849628,0,0,Success
888,1780587483.8455136,1780587483.8812609,0,0,Success
889,1780587483.8475137,1780587483.8940847,0,0,Success
890,1780587483.8495138,1780587483.8726094,0,0,Success
891,1780587483.8515139,1780587483.8888369,0,0,Success
892,1780587483.853514,1780587483.9002924,0,0,Success
893,1780587483.855514,1780587484.3696578,1,2,Success
894,1780587483.8575141,1780587483.9020834,0,0,Success
895,1780587483.8595142,1780587483.8701885,0,0,Success
896,1780587483.8615143,1780587483.9071586,0,0,Success
897,1780587483.8635144,1780587483.8781219,0,0,Success
898,1780587483.8655145,1780587483.9144716,0,0,Success
899,1780587483.8675146,1780587483.9108617,0,0,Success
900,1780587483.8695147,1780587483.902073,0,0,Success
901,1780587483.8715148,1780587484.3825889,1,2,Success
902,1780587483.873515,1780587483.9157305,0,0,Success
903,1780587483.875515,1780587483.9171722,0,0,Success
904,1780587483.877515,1780587483.923723,0,0,Success
905,1780587483.8795152,1780587484.418225,1,2,Success
906,1780587483.8815153,1780587483.8927217,0,0,Success
907,1780587483.8835154,1780587484.4168096,1,1,Success
908,1780587483.8855155,1780587483.903053,0,0,Success
909,1780587483.8875155,1780587484.4070096,1,2,Success
910,1780587483.8895156,1780587483.932615,0,0,Success
911,1780587483.8915157,1780587484.4290476,1,4,Success
912,1780587483.8935158,1780587483.9040546,0,0,Success
913,1780587483.895516,1780587484.4371018,1,2,Success
914,1780587483.897516,1780587483.9416752,0,0,Success
915,1780587483.899516,1780587483.9210405,0,0,Success
916,1780587483.9015162,1780587484.4330606,1,4,Success
917,1780587483.9035163,1780587483.9242983,0,0,Success
918,1780587483.9055164,1780587483.94978,0,0,Success
919,1780587483.9075165,1780587483.94028,0,0,Success
920,1780587483.9095166,1780587483.9467711,0,0,Success
921,1780587483.9115167,1780587483.9280043,0,0,Success
922,1780587483.9135168,1780587483.9406126,0,0,Success
923,1780587483.9155169,1780587483.927275,0,0,Success
924,1780587483.917517,1780587483.9419718,0,0,Success
925,1780587483.919517,1780587483.9612026,0,0,Success
926,1780587483.9215171,1780587483.9553156,0,0,Success
927,1780587483.9235172,1780587483.9368289,0,0,Success
928,1780587483.9255173,1780587483.9696736,0,0,Success
929,1780587483.9275174,1780587483.94003,0,0,Success
930,1780587483.9295175,1780587483.9720092,0,0,Success
931,1780587483.9315176,1780587483.9552557,0,0,Success
932,1780587483.9335177,1780587483.9594789,0,0,Success
933,1780587483.9355178,1780587484.4513495,1,3,Success
934,1780587483.937518,1780587483.9606798,0,0,Success
935,1780587483.939518,1780587483.982344,0,0,Success
936,1780587483.941518,1780587483.978648,0,0,Success
937,1780587483.9435182,1780587483.9697351,0,0,Success
938,1780587483.9455183,1780587483.9608457,0,0,Success
939,1780587483.9475183,1780587483.970811,0,0,Success
940,1780587483.9495184,1780587483.991224,0,0,Success
941,1780587483.9515185,1780587483.9822025,0,0,Success
942,1780587483.9535186,1780587483.9926906,0,0,Success
943,1780587483.9555187,1780587484.5024142,1,3,Success
944,1780587483.9575188,1780587483.9855354,0,0,Success
945,1780587483.959519,1780587484.480996,1,2,Success
946,1780587483.961519,1780587483.9851997,0,0,Success
947,1780587483.963519,1780587483.9919865,0,0,Success
948,1780587483.9655192,1780587483.9969802,0,0,Success
949,1780587483.9675193,1780587484.0139947,0,0,Success
950,1780587483.9695194,1780587484.013069,0,0,Success
951,1780587483.9715195,1780587484.0215073,0,0,Success
952,1780587483.9735196,1780587484.0015724,0,0,Success
953,1780587483.9755197,1780587484.0149596,0,0,Success
954,1780587483.9775198,1780587484.0023506,0,0,Success
955,1780587483.9795198,1780587484.0214546,0,0,Success
956,1780587483.98152,1780587484.0308201,0,0,Success
957,1780587483.98352,1780587484.5119255,1,3,Success
958,1780587483.9855201,1780587484.0052369,0,0,Success
959,1780587483.9875202,1780587484.002238,0,0,Success
960,1780587483.9895203,1780587484.0078316,0,0,Success
961,1780587483.9915204,1780587484.0247054,0,0,Success
962,1780587483.9935205,1780587484.013948,0,0,Success
963,1780587483.9955206,1780587484.5249465,1,2,Success
964,1780587483.9975207,1780587484.011102,0,0,Success
965,1780587483.9995208,1780587484.0155358,0,0,Success
966,1780587484.0015209,1780587484.0150812,0,0,Success
967,1780587484.003521,1780587484.0288012,0,0,Success
968,1780587484.005521,1780587484.0482264,0,0,Success
969,1780587484.0075212,1780587484.0555031,0,0,Success
970,1780587484.0095212,1780587484.0247393,0,0,Success
971,1780587484.0115213,1780587484.0217848,0,0,Success
972,1780587484.0135214,1780587484.5252795,1,2,Success
973,1780587484.0155215,1780587484.0431154,0,0,Success
974,1780587484.0175216,-1,1,5,Failed
975,1780587484.0195217,1780587484.0350506,0,0,Success
976,1780587484.0215218,1780587484.0556529,0,0,Success
977,1780587484.023522,1780587484.036929,0,0,Success
978,1780587484.025522,1780587484.0702565,0,0,Success
979,1780587484.027522,1780587484.065781,0,0,Success
980,1780587484.0295222,1780587484.0572522,0,0,Success
981,1780587484.0315223,1780587484.0504074,0,0,Success
982,1780587484.0335224,1780587484.0832074,0,0,Success
983,1780587484.0355225,1780587484.5460896,1,1,Success
984,1780587484.0375226,1780587484.0829678,0,0,Success
985,1780587484.0395226,1780587484.0889814,0,0,Success
986,1780587484.0415227,1780587484.067946,0,0,Success
987,1780587484.0435228,1780587484.0592825,0,0,Success
988,1780587484.045523,1780587484.0766535,0,0,Success
989,1780587484.047523,1780587484.0844047,0,0,Success
990,1780587484.049523,1780587484.0744288,0,0,Success
991,1780587484.0515232,1780587484.0709655,0,0,Success
992,1780587484.0535233,1780587484.5762985,1,2,Success
993,1780587484.0555234,1780587484.5986807,1,1,Success
994,1780587484.0575235,1780587484.5744588,1,1,Success
995,1780587484.0595236,1780587484.0978415,0,0,Success
996,1780587484.0615237,1780587484.1078568,0,0,Success
997,1780587484.0635238,1780587484.1091619,0,0,Success
998,1780587484.0655239,1780587484.1124504,0,0,Success
999,1780587484.067524,1780587484.0983229,0,0,Success
